ISO2,NAME,FR,EN
AD,Andorra,Andorre,Andorra
AE,United Arab Emirates,Émirats Arabes Unis,United Arab Emirates
AF,Afghanistan,Afghanistan,Afghanistan
AG,Antigua and Barbuda,Antigua-Et-Barbuda,Antigua and Barbuda
AI,Anguilla,Anguilla,Anguilla
AL,Albania,Albanie,Albania
AM,Armenia,Arménie,Armenia
AO,Angola,Angola,Angola
AQ,Antarctica,Antarctique,Antarctica
AR,Argentina,Argentine,Argentina
AS,American Samoa,Samoa Américaines,American Samoa
AT,Austria,Autriche,Austria
AU,Australia,Australie,Australia
AW,Aruba,Aruba,Aruba
AX,Åland Islands,"Åland, Îles",Åland Islands
AZ,Azerbaijan,Azerbaïdjan,Azerbaijan
BA,Bosnia and Herzegovina,Bosnie-Herzégovine,Bosnia and Herzegovina
BB,Barbados,Barbade,Barbados
BD,Bangladesh,Bangladesh,Bangladesh
BE,Belgium,Belgique,Belgium
BF,Burkina Faso,Burkina Faso,Burkina Faso
BG,Bulgaria,Bulgarie,Bulgaria
BH,Bahrain,Bahreïn,Bahrain
BI,Burundi,Burundi,Burundi
BJ,Benin,Bénin,Benin
BL,Saint Barthélemy,Saint-Barthélemy,Saint Barthélemy
BM,Bermuda,Bermudes,Bermuda
BN,Brunei Darussalam,Brunéi Darussalam,Brunei Darussalam
BO,Bolivia (Plurinational State of),"Bolivie, État Plurinational De",Bolivia (Plurinational State of)
BQ,"Bonaire, Sint Eustatius and Saba","Bonaire, Saint-Eustache Et Saba","Bonaire, Sint Eustatius and Saba"
BR,Brazil,Brésil,Brazil
BS,Bahamas,Bahamas,Bahamas
BT,Bhutan,Bhoutan,Bhutan
BV,Bouvet Island,"Bouvet, Île",Bouvet Island
BW,Botswana,Botswana,Botswana
BY,Belarus,Bélarus,Belarus
BZ,Belize,Belize,Belize
CA,Canada,Canada,Canada
CC,Cocos (Keeling) Islands,"Cocos (KEELING), Îles",Cocos (Keeling) Islands
CD,Congo (Democratic Republic of the),"Congo, La République Démocratique Du",Congo (Democratic Republic of the)
CF,Central African Republic,"Centrafricaine, République",Central African Republic
CG,Congo,Congo,Congo
CH,Switzerland,Suisse,Switzerland
CI,Côte d'Ivoire,Côte D’ivoire,Côte d'Ivoire
CK,Cook Islands,"Cook, Îles",Cook Islands
CL,Chile,Chili,Chile
CM,Cameroon,Cameroun,Cameroon
CN,China,Chine,China
CO,Colombia,Colombie,Colombia
CR,Costa Rica,Costa Rica,Costa Rica
CU,Cuba,Cuba,Cuba
CV,Cabo Verde,Cabo Verde,Cabo Verde
CW,Curaçao,Curaçao,Curaçao
CX,Christmas Island,"Christmas, Île",Christmas Island
CY,Cyprus,Chypre,Cyprus
CZ,Czech Republic,"Tchèque, République",Czech Republic
DE,Germany,Allemagne,Germany
DJ,Djibouti,Djibouti,Djibouti
DK,Denmark,Danemark,Denmark
DM,Dominica,Dominique,Dominica
DO,Dominican Republic,"Dominicaine, République",Dominican Republic
DZ,Algeria,Algérie,Algeria
EC,Ecuador,Équateur,Ecuador
EE,Estonia,Estonie,Estonia
EG,Egypt,Égypte,Egypt
EH,Western Sahara,Sahara Occidental,Western Sahara
ER,Eritrea,Érythrée,Eritrea
ES,Spain,Espagne,Spain
ET,Ethiopia,Éthiopie,Ethiopia
FI,Finland,Finlande,Finland
FJ,Fiji,Fidji,Fiji
FK,Falkland Islands (Malvinas),"Falkland, Îles (MALVINAS)",Falkland Islands (Malvinas)
FM,Micronesia (Federated States of),"Micronésie, États Fédérés De",Micronesia (Federated States of)
FO,Faroe Islands,"Féroé, Îles",Faroe Islands
FR,France,France,France
GA,Gabon,Gabon,Gabon
GB,United Kingdom of Great Britain and Northern Ireland,Royaume-Uni,United Kingdom of Great Britain and Northern Ireland
GD,Grenada,Grenade,Grenada
GE,Georgia,Géorgie,Georgia
GF,French Guiana,Guyane Française,French Guiana
GG,Guernsey,Guernesey,Guernsey
GH,Ghana,Ghana,Ghana
GI,Gibraltar,Gibraltar,Gibraltar
GL,Greenland,Groenland,Greenland
GM,Gambia,Gambie,Gambia
GN,Guinea,Guinée,Guinea
GP,Guadeloupe,Guadeloupe,Guadeloupe
GQ,Equatorial Guinea,Guinée Équatoriale,Equatorial Guinea
GR,Greece,Grèce,Greece
GS,South Georgia and the South Sandwich Islands,Géorgie Du Sud Et Les Îles Sandwich Du Sud,South Georgia and the South Sandwich Islands
GT,Guatemala,Guatemala,Guatemala
GU,Guam,Guam,Guam
GW,Guinea-Bissau,Guinée-Bissau,Guinea-Bissau
GY,Guyana,Guyana,Guyana
HK,Hong Kong,Hong Kong,Hong Kong
HM,Heard Island and McDonald Islands,"Heard Et Macdonald, Îles",Heard Island and McDonald Islands
HN,Honduras,Honduras,Honduras
HR,Croatia,Croatie,Croatia
HT,Haiti,Haïti,Haiti
HU,Hungary,Hongrie,Hungary
ID,Indonesia,Indonésie,Indonesia
IE,Ireland,Irlande,Ireland
IL,Israel,Israël,Israel
IM,Isle of Man,Île De Man,Isle of Man
IN,India,Inde,India
IO,British Indian Ocean Territory,"Océan Indien, Territoire Britannique De L'",British Indian Ocean Territory
IQ,Iraq,Iraq,Iraq
IR,Iran (Islamic Republic of),"Iran, République Islamique D'",Iran (Islamic Republic of)
IS,Iceland,Islande,Iceland
IT,Italy,Italie,Italy
JE,Jersey,Jersey,Jersey
JM,Jamaica,Jamaïque,Jamaica
JO,Jordan,Jordanie,Jordan
JP,Japan,Japon,Japan
KE,Kenya,Kenya,Kenya
KG,Kyrgyzstan,Kirghizistan,Kyrgyzstan
KH,Cambodia,Cambodge,Cambodia
KI,Kiribati,Kiribati,Kiribati
KM,Comoros,Comores,Comoros
KN,Saint Kitts and Nevis,Saint-Kitts-Et-Nevis,Saint Kitts and Nevis
KP,Korea (Democratic People's Republic of),"Corée, République Populaire Démocratique De",Korea (Democratic People's Republic of)
KR,Korea (Republic of),"Corée, République De",Korea (Republic of)
KW,Kuwait,Koweït,Kuwait
KY,Cayman Islands,"Caïmanes, Îles",Cayman Islands
KZ,Kazakhstan,Kazakhstan,Kazakhstan
LA,Lao People's Democratic Republic,"Lao, République Démocratique Populaire",Lao People's Democratic Republic
LB,Lebanon,Liban,Lebanon
LC,Saint Lucia,Sainte-Lucie,Saint Lucia
LI,Liechtenstein,Liechtenstein,Liechtenstein
LK,Sri Lanka,Sri Lanka,Sri Lanka
LR,Liberia,Libéria,Liberia
LS,Lesotho,Lesotho,Lesotho
LT,Lithuania,Lituanie,Lithuania
LU,Luxembourg,Luxembourg,Luxembourg
LV,Latvia,Lettonie,Latvia
LY,Libya,Libye,Libya
MA,Morocco,Maroc,Morocco
MC,Monaco,Monaco,Monaco
MD,Moldova (Republic of),Moldova,Moldova (Republic of)
ME,Montenegro,Monténégro,Montenegro
MF,Saint Martin (French part),Saint-Martin (PARTIE Française),Saint Martin (French part)
MG,Madagascar,Madagascar,Madagascar
MH,Marshall Islands,"Marshall, Îles",Marshall Islands
MK,Macedonia (the former Yugoslav Republic of),"Macédoine, L'ex-République Yougoslave De",Macedonia (the former Yugoslav Republic of)
ML,Mali,Mali,Mali
MM,Myanmar,Myanmar,Myanmar
MN,Mongolia,Mongolie,Mongolia
MO,Macao,Macao,Macao
MP,Northern Mariana Islands,"Mariannes Du Nord, Îles",Northern Mariana Islands
MQ,Martinique,Martinique,Martinique
MR,Mauritania,Mauritanie,Mauritania
MS,Montserrat,Montserrat,Montserrat
MT,Malta,Malte,Malta
MU,Mauritius,Maurice,Mauritius
MV,Maldives,Maldives,Maldives
MW,Malawi,Malawi,Malawi
MX,Mexico,Mexique,Mexico
MY,Malaysia,Malaisie,Malaysia
MZ,Mozambique,Mozambique,Mozambique
NA,Namibia,Namibie,Namibia
NC,New Caledonia,Nouvelle-Calédonie,New Caledonia
NE,Niger,Niger,Niger
NF,Norfolk Island,"Norfolk, Île",Norfolk Island
NG,Nigeria,Nigéria,Nigeria
NI,Nicaragua,Nicaragua,Nicaragua
NL,Netherlands,Pays-Bas,Netherlands
NO,Norway,Norvège,Norway
NP,Nepal,Népal,Nepal
NR,Nauru,Nauru,Nauru
NU,Niue,Niué,Niue
NZ,New Zealand,Nouvelle-Zélande,New Zealand
OM,Oman,Oman,Oman
PA,Panama,Panama,Panama
PE,Peru,Pérou,Peru
PF,French Polynesia,Polynésie Française,French Polynesia
PG,Papua New Guinea,Papouasie-Nouvelle-Guinée,Papua New Guinea
PH,Philippines,Philippines,Philippines
PK,Pakistan,Pakistan,Pakistan
PL,Poland,Pologne,Poland
PM,Saint Pierre and Miquelon,Saint-Pierre-Et-Miquelon,Saint Pierre and Miquelon
PN,Pitcairn,Pitcairn,Pitcairn
PR,Puerto Rico,Porto Rico,Puerto Rico
PS,"Palestine, State of",État De Palestine,"Palestine, State of"
PT,Portugal,Portugal,Portugal
PW,Palau,Palaos,Palau
PY,Paraguay,Paraguay,Paraguay
QA,Qatar,Qatar,Qatar
RE,Réunion,Réunion,Réunion
RO,Romania,Roumanie,Romania
RS,Serbia,Serbie,Serbia
RU,Russian Federation,"Russie, Fédération De",Russian Federation
RW,Rwanda,Rwanda,Rwanda
SA,Saudi Arabia,Arabie Saoudite,Saudi Arabia
SB,Solomon Islands,"Salomon, Îles",Solomon Islands
SC,Seychelles,Seychelles,Seychelles
SD,Sudan,Soudan,Sudan
SE,Sweden,Suède,Sweden
SG,Singapore,Singapour,Singapore
SH,"Saint Helena, Ascension and Tristan da Cunha","Sainte-Hélène, Ascension Et Tristan Da Cunha","Saint Helena, Ascension and Tristan da Cunha"
SI,Slovenia,Slovénie,Slovenia
SJ,Svalbard and Jan Mayen,Svalbard Et Île Jan Mayen,Svalbard and Jan Mayen
SK,Slovakia,Slovaquie,Slovakia
SL,Sierra Leone,Sierra Leone,Sierra Leone
SM,San Marino,Saint-Marin,San Marino
SN,Senegal,Sénégal,Senegal
SO,Somalia,Somalie,Somalia
SR,Suriname,Suriname,Suriname
SS,South Sudan,Soudan Du Sud,South Sudan
ST,Sao Tome and Principe,Sao Tomé-Et-Principe,Sao Tome and Principe
SV,El Salvador,El Salvador,El Salvador
SX,Sint Maarten (Dutch part),Saint-Martin (PARTIE Néerlandaise),Sint Maarten (Dutch part)
SY,Syrian Arab Republic,"Syrienne, République Arabe",Syrian Arab Republic
SZ,Swaziland,Swaziland,Swaziland
TC,Turks and Caicos Islands,"Turks Et Caïques, Îles",Turks and Caicos Islands
TD,Chad,Tchad,Chad
TF,French Southern Territories,Terres Australes Françaises,French Southern Territories
TG,Togo,Togo,Togo
TH,Thailand,Thaïlande,Thailand
TJ,Tajikistan,Tadjikistan,Tajikistan
TK,Tokelau,Tokelau,Tokelau
TL,Timor-Leste,Timor-Leste,Timor-Leste
TM,Turkmenistan,Turkménistan,Turkmenistan
TN,Tunisia,Tunisie,Tunisia
TO,Tonga,Tonga,Tonga
TR,Turkey,Turquie,Turkey
TT,Trinidad and Tobago,Trinité-Et-Tobago,Trinidad and Tobago
TV,Tuvalu,Tuvalu,Tuvalu
TW,"Taiwan, Province of China","Taïwan, Province De Chine","Taiwan, Province of China"
TZ,"Tanzania, United Republic of","Tanzanie, République Unie De","Tanzania, United Republic of"
UA,Ukraine,Ukraine,Ukraine
UG,Uganda,Ouganda,Uganda
UM,United States Minor Outlying Islands,Îles Mineures Éloignées Des États-Unis,United States Minor Outlying Islands
US,United States of America,États-Unis,United States of America
UY,Uruguay,Uruguay,Uruguay
UZ,Uzbekistan,Ouzbékistan,Uzbekistan
VA,Holy See,Saint-Siège (ÉTAT De La Cité Du Vatican),Holy See
VC,Saint Vincent and the Grenadines,Saint-Vincent-Et-Les-Grenadines,Saint Vincent and the Grenadines
VE,Venezuela (Bolivarian Republic of),"Venezuela, République Bolivarienne Du",Venezuela (Bolivarian Republic of)
VG,Virgin Islands (British),Îles Vierges Britanniques,Virgin Islands (British)
VI,Virgin Islands (U.S.),Îles Vierges Des États-Unis,Virgin Islands (U.S.)
VN,Viet Nam,Viet Nam,Viet Nam
VU,Vanuatu,Vanuatu,Vanuatu
WF,Wallis and Futuna,Wallis-Et-Futuna,Wallis and Futuna
WS,Samoa,Samoa,Samoa
YE,Yemen,Yémen,Yemen
YT,Mayotte,Mayotte,Mayotte
ZA,South Africa,Afrique Du Sud,South Africa
ZM,Zambia,Zambie,Zambia
ZW,Zimbabwe,Zimbabwe,Zimbabwe
